,github_urls
0,https://github.com/tkhaxton
1,
2,
3,
4,
5,
6,
7,
8,
9,https://github.com/NatalieNunez
10,
11,
12,https://github.com/BrooksDiwu
13,https://github.com/sanjsvk
14,https://github.com/larissalong
15,https://github.com/anil10iitr
16,https://github.com/viveksnh
17,
18,https://github.com/asy1113
19,
20,https://github.com/prasadpagade
21,
22,
23,https://github.com/bkhurley
24,
25,https://github.com/shwetashambhavi
26,https://github.com/victorhunguyen
27,https://github.com/setuparekh
28,https://github.com/meghaarora42
29,https://github.com/ARiccGitHub
30,https://github.com/mitosborn
31,https://github.com/lucas-reynolds
32,https://github.com/Kiranbrar
33,https://github.com/YeonjooSmith
34,
35,https://github.com/julianeagu
36,https://github.com/lizre
37,https://github.com/Min-Che-77
38,
39,https://github.com/pooja-choudhari
40,
41,https://github.com/drubach
42,https://github.com/anishagan26
43,https://github.com/annaorosz
44,https://github.com/mohitsahasrabudhe
45,https://github.com/vidhirathod
46,https://github.com/crichards1179
47,https://github.com/mraja9
48,https://github.com/bhadi26
49,
50,https://github.com/sjayakum
51,https://github.com/dashbrookhart
52,https://github.com/furch
53,https://github.com/christyono
54,https://github.com/SrikanthVelpuri
55,
56,
57,https://github.com/VimsLab
58,
59,https://github.com/hrmyd
60,
61,
62,https://github.com/raquelcolares
63,https://github.com/calvinschmdt
64,https://github.com/SiddharthChillale
65,https://github.com/bz38
66,
67,
68,
69,https://github.com/Yongliang-Shi
70,https://github.com/SurekhaMaddi
71,https://github.com/WesCodes
72,https://github.com/amrutakulkarni9812
73,
74,
75,https://github.com/beavinash
76,https://github.com/allahale
77,https://github.com/pottsen
78,https://github.com/Saeid-Dousti
79,
80,https://github.com/hack-m
81,https://github.com/mjcobosf
82,
83,https://github.com/shaleenswarup
84,
85,https://github.com/coreyflynn
86,https://github.com/mprzybyla123
87,https://github.com/ankkur13
88,https://github.com/mannsean
89,
90,https://github.com/smaranjitghose
91,
92,https://github.com/amitrani6
93,https://www.github.com/radhikesh
94,
95,https://github.com/f1ndx
96,https://github.com/guptapiyush340
97,
98,https://github.com/akiezun
99,
100,https://github.com/beckernick
101,https://github.com/alexwcheng
102,http://github.com/elbamos
103,
104,
105,
106,https://github.com/aldingsgit
107,https://github.com/rabujamra
108,https://github.com/MayankRajAnand
109,
110,https://github.com/ands3
111,
112,
113,
114,https://github.com/shubham1172
115,https://github.com/agorina91
116,https://github.com/FalconiNicasio
117,
118,
119,https://github.com/situo-liu
120,https://github.com/victorborda
121,
122,https://github.com/cgrinaldi
123,https://github.com/vskanukolanu
124,https://github.com/henokyen
125,https://github.com/lettywu
126,https://github.com/sriamazingram
127,https://github.com/adrianavesa
128,https://github.com/avinavneer
129,https://github.com/prakruti-joshi
130,https://github.com/mmalates
131,https://github.com/kidonsky
132,https://github.com/sakshi3195
133,https://github.com/Silviaorz
134,https://github.com/Skhillan
135,https://github.com/aelsaadi
136,https://github.com/joeybodoia
137,
138,https://github.com/leonz12345
139,https://github.com/VidyutRao
140,https://github.com/arthtalati
141,https://github.com/davidjayjackson
142,https://github.com/smitkiri
143,
144,https://github.com/BrandonMohan
145,https://github.com/d1uffy
146,
147,https://github.com/Shreyash-Anand
148,
149,https://github.com/PranavKR66
150,https://github.com/christianmoya
151,https://github.com/ruhanponnada
152,https://github.com/chandlerphelps
153,
154,
155,
156,
157,
158,
159,
160,https://github.com/allissanguyen
161,
162,
163,
164,
165,
166,https://github.com/rshetty2594
167,
168,
169,
170,https://github.com/sriramkreddy10
171,
172,
173,https://github.com/ishani-chakraborty
174,
175,http://www.github.com/jonathanmnovak
176,
177,
178,
179,
180,
181,https://github.com/adumit
182,
183,https://github.com/nithish08
184,
185,https://github.com/zhengweifz
186,
187,https://github.com/nestorghh
188,
189,https://github.com/dbetzel
190,https://github.com/ivangoldov
191,https://github.com/PavanPoosarla01
192,https://github.com/ssadagop97
193,
194,https://github.com/divasverma
195,https://github.com/PalakKaur
196,
197,https://github.com/hankzhang2003
198,
199,https://github.com/cshishido
200,https://github.com/karannaik
201,
202,https://github.com/ryanlattanzi
203,
204,
205,https://github.com/tanaymukherjee
206,https://github.com/ankur715
207,https://github.com/ahamedashik01
208,https://github.com/danamkaplan
209,
210,
211,https://github.com/sphilazar
212,https://github.com/gitakrishna
213,https://github.com/xizhang
214,
215,
216,https://github.com/ys-sherry-sun
217,
218,
219,https://github.com/SanjanaRathi
220,https://github.com/DaveHogue
221,https://github.com/zhangxinyu-xyz
222,https://github.com/elainew96
223,https://github.com/Bharathkumarraju
224,
225,https://github.com/adwaitsathe
226,https://github.com/m-vamsi
227,https://github.com/SaloniThakkar20
228,https://github.com/nppandey
229,https://github.com/Nehan95
230,
231,https://github.com/Sudhamsha
232,
233,https://github.com/aescalana
234,https://github.com/priyanka
235,https://github.com/ruchikd
236,https://github.com/raghuncstate
237,https://github.com/MaidouPP
238,https://github.com/rahuldkjain
239,https://github.com/mmkvdev
240,https://github.com/Priyanshiguptaaa
241,
242,
243,https://github.com/anaggar
244,
245,
246,https://github.com/Shisthruna28
247,https://github.com/codingkohli
248,https://github.com/ajinsh
249,
250,
251,
252,
253,https://github.com/Ananya-Sharma
254,https://github.com/rohithreddy024
255,https://github.com/Nikita-Dodda
256,https://github.com/HarshaliWagh
257,
258,https://github.com/vinodhini8694
259,https://github.com/SreeDivyaKeerthiPS
260,
261,https://github.com/prathamesh-sonpatki
262,https://github.com/subhav
263,https://github.com/lakshyabhat
264,
265,
266,https://github.com/nehareddy04
267,
268,https://github.com/matthew-sharp
269,
270,https://github.com/Bhashitha123
271,https://github.com/jahaira-marrero
272,https://github.com/shbhamdbey
273,https://github.com/Joseph-Lopez
274,https://github.com/EmSchoof
275,
276,https://github.com/Manik9
277,https://github.com/nkhedekar
278,https://github.com/immadisairaj
279,
280,https://github.com/shreyamtaneja
281,https://github.com/sudheera96
282,https://github.com/billtrn
283,https://github.com/aishwarya-pawar
284,
285,
286,https://github.com/venkat-n
287,
288,https://github.com/bfirestone23
289,
290,https://github.com/rutuja-kulkarni
291,https://github.com/rajarshi
292,https://github.com/saurabhiitbh
293,https://github.com/samarthkeeptruckin
294,https://github.com/akan72
295,https://github.com/sathish09
296,https://github.com/ShivaKumarChittamuru
297,https://github.com/Papareddy
298,
299,
300,https://github.com/ajaykumar97
301,https://github.com/pallabi22
302,
303,https://github.com/naga-karthik
304,https://github.com/abhigna
305,https://github.com/varun-g
306,https://github.com/mohdhafeezajh
307,https://github.com/rizafr
308,https://github.com/rajkumardusad
309,
310,https://github.com/anudeepND
311,https://github.com/manishas
312,
313,https://github.com/Sahith02
314,
315,https://github.com/aditya109
316,https://github.com/bhavya-reddy
317,https://github.com/saikumar010
318,https://github.com/likhitha
319,https://github.com/dahlia25
320,
321,https://github.com/colesobel
322,https://github.com/brityboy
323,
324,https://github.com/armyohse
325,https://github.com/manuel-lara
326,https://github.com/Ecalzo
327,
328,https://github.com/alexseong
329,https://github.com/dustintitus
330,
331,https://github.com/CharlesLynn
332,https://github.com/smt-HS
333,https://github.com/oleg-agapov
334,https://github.com/raghavanand98
335,https://github.com/YashMotwani
336,https://github.com/mansik95
337,https://github.com/kavitha89
338,https://github.com/Roycohen
339,https://github.com/apoorv-mishra
340,https://github.com/aarushiag
341,
342,https://github.com/Sanil15
343,https://github.com/yuecchen
344,
345,https://github.com/pvsharsha
346,
347,
348,https://github.com/tongxinguo
349,https://github.com/ChaviUA
350,https://github.com/VISHDIVGAU
351,https://github.com/krishnapriya-18
352,https://github.com/raj1603chdry
353,
354,
355,https://github.com/swastishreya
356,https://github.com/YashMantri
357,
358,
359,https://github.com/Umang-Mittal
360,https://github.com/jayachandraoggy
361,https://github.com/venkateshnanduri
362,https://github.com/khatry23
363,https://github.com/aksbret1990
364,https://github.com/jaydwvd
365,https://github.com/tgandla1
366,
367,https://github.com/sagar-miglani
368,https://github.com/Williamovero
369,https://github.com/kewalkothari
370,https://github.com/jinaymehta25
371,https://github.com/MinalBonde
372,https://github.com/MaulikGohil
373,https://github.com/prmody96
374,https://github.com/chopranishika
375,
376,https://github.com/sarthakgrover
377,https://github.com/lakshya-20
378,https://github.com/varsha-kp
379,https://github.com/ankitdhingra
380,
381,
382,https://github.com/frankchn
383,
384,https://github.com/kaivan-s
385,https://github.com/shekit
386,https://github.com/agrawalrinkal
387,
388,
389,https://github.com/sagarkulkarni
390,
391,https://github.com/gaurcs
392,https://github.com/abhishekg785
393,
394,https://github.com/SinduKandula
395,
396,https://github.com/anandmuraleedharan
397,
398,https://github.com/akshayrpatel
399,https://github.com/jinsongwei
400,https://github.com/tejasc0
401,https://github.com/krishnateja
402,https://github.com/vinaybmore
403,
404,https://github.com/singh-saheb
405,
406,https://github.com/Sujeeth-Shetty
407,https://github.com/Avinash998
408,
409,
410,https://github.com/nickweimer
411,
412,
413,
414,https://github.com/keshvi-srivastava
415,
416,https://github.com/T-Srikanth
417,https://github.com/amitparmar01
418,https://github.com/hackcoderr
419,https://github.com/kunal-lalwani
420,https://github.com/Gupta-Anit
421,https://github.com/amit-raj
422,
423,
424,
425,
426,https://github.com/nhatkhong
427,
428,https://github.com/Patrick-Old
429,https://github.com/shankarshastri
430,https://github.com/robcrock
431,
432,https://github.com/YSSVR
433,https://github.com/harshitagirase
434,https://github.com/cpondoc
435,https://github.com/suraj-deshmukh
436,https://github.com/shreyasgokhale
437,
438,
439,
440,
441,
442,
443,
444,https://github.com/sumana-reddy
445,https://github.com/Nikitha-ch
446,https://github.com/PrashanthKumar0
447,
448,
449,https://github.com/SeHo-Kim
450,https://github.com/dattatele
451,https://github.com/jeremyrchow
