titleID,title
0,Data Science Manager
1,Data Scientist
2,Software Engineer
3,Vice President Data Analytics
4,Webmaster - Baker House (Dormitory At Mit)
5,Data Science Resident
6,Data Scientist Intern
7,"Product Data Analyst, Data Science"
8,Artificial Intelligence Fellow
9,Associate Data Scientist
10,Data Analyst
11,Graduate Teaching Assistant
12,"Data Scientist Iii, Analytics"
13,Senior Data Scientist
14,"Director, Revenue & Growth Analytics"
15,Data Science Fellow
16,Staff Data Science Manager
17,Technical Enablement Lead
18,Machine Learning Consultant
19,Machine Learning Engineer
20,Product Growth Analyst
21,Consultant
22,Business Analyst
23,Data Science / Machine Learning Intern
24,Service Technician
25,Riceapps Mentor
26,Strategic Analyst
27,Instructional Student Assistant
28,Product Data Scientist
29,Artificial Intelligence Researcher
30,"Senior Manager, Data Science"
31,Machine Learning Engineer Intern
32,Senior Data Scientist- Decision Science
33,General Consulting With Focus On Data Science And Analytics Enhancement.
34,Advanced Analytics Leader / Lead Analyst / Project Engineer / Mfg. Engineer
35,Automation Engineer Trainee
36,Big Data Analytics Teaching Assistant
37,Finance Research Assistant
38,Business Intelligence Engineer Ii
39,Software Quality Engineer
40,Data Science
41,Director Of Data Science
42,Machine Learning Intern
43,Lead Data Scientist
44,Travel Demand Modeler
45,Customer Relationship Management Administrator
46,Tech Lead @ Tidal
47,Senior Data Engineer - Data Science & Engineering
48,Product Insights Manager
49,Data Analyst Intern
50,Software Development Engineer
51,Business Strategy Analyst - Forecasting & Analytics
52,Ga_ Python Lab.
53,Assistant Manager
54,Incoming Software Development Engineer
55,Data Engineer
56,Marketing Analyst (Amazon Ppc Automation)
57,Graduate Assistant
58,Senior Manager - Digital Capabilities
59,Associate Consultant
60,Fellow
61,Head Of Data Science And Engineering
62,Software Developer
63,"Analyst, Data & Analytics"
64,Business Intelligence Engineer
65,Data Analytics
66,"Director, Data Science"
67,Data Intern
68,"Staff Data Scientist, Team Lead"
69,Undergraduate Research Assistant
70,Business Intelligence Engineer (Amazon Ads)
71,Senior Analyst
72,Statistical Analyst
73,Ios Developer
74,"Vp - Cybersecurity, Analytics Manager"
75,Principal Applied Scientist
76,Data Science Analyst
77,Data Science Products
78,Senior Consultant - Data Science & Analytics
79,Member Of The Board Of Advisors
80,"Product, Analytics Manager"
81,Wordpress Developer
82,Data Science Writer
83,"Sr Value Based Care & Payer Consultant, Us Oncology Network"
84,Senior Data Science Engineer
85,Data Science & Analytics
86,Quantitative Risk Analyst Ii
87,"Director, Data Science & Analytics"
88,Android Go-To-Market Commercial Manager
89,Lead Project Engineer
90,Quantitative Developer
91,Head Of Data Science
92,Da
93,Manager Of Data Science
94,Machine Learning Expert
95,Data Science Immersive Student
96,"Student Worker, Research"
97,Data Science Engineer Ii
98,Computer Lab Assistant
99,Data Engineer Ii
100,"Bioinformatics Engineer, Associate Ii"
101,Data Science Intern
102,Student Researcher
103,Software Programmer - Ml
104,"Sr. Specialist, Data Science"
105,Data Analyst 3
106,Data Science Engineer
107,Technology Consulting Intern
108,Data Science Instructor
109,Software / Data Engineer Intern
110,Data Science Se
111,Data Science Associate
112,Consultant â€“ Data Science & Analytics
113,Data Science Consultant
114,Model Controls Analyst
115,Store Manager
116,Teaching Assistant
117,Consultant - Analytics And Engineering
118,Cxs Database Engineer
119,Manager
120,"Software Engineer, Data Science"
121,Senior Business Technology Analyst
122,Graduate Research Assistant
123,Business Intelligence Consultant
124,Senior Data Insights Analyst
125,Machine Learning
126,Data Visualization And Analytics Intern
127,Director Data Science
128,Knowledge Graph Engineer
129,Sr. Bi Developer
130,Director Of Data Science And Experimentation
131,Systems Engineer
132,Sr Analyst - Strategic Analytics
133,Software Engineer 2
134,"Senior Fellow, Data Science"
135,Senior Data Engineer
136,Data Engineer & Analyst
137,Sr. Python Developer
138,Cloud Data Engineer
139,"Data Engineer, Analytics & Cognitive - Consultant"
140,Data Engineer / Data Governance
141,Data & Applied Ml Engineer
142,Big Data Engineer
143,Data Research Engineer
144,Sr. Cloud Data Engineer
145,Senior Business Operations Analyst
146,Data Engineer - Integrity
147,Incoming Data Engineer Intern
148,Senior Big Data Engineer
149,Sr Big Data Engineer
150,Sr.Data Engineer
151,Principal Data Engineer
152,Data Engineer At Mckinsey & Company
153,Team Lead
154,Sr. Big Data Engineer
155,Information Technology Analyst
156,Data Engineer / Data Scientist
157,Data Engineer (As)
158,Instructional Student Assistant - Database Systems
159,Lead Data Engineer
160,"Data Engineer, Xbox"
161,Bi & Analytics Solutions Developer
162,Database Engineer
163,Devops Engineer
164,Data Analysis Engineer
165,Intern
166,Analyst
167,Full Stack Software Engineer | Data Engineer
168,Data Engineer - Data Science
169,Data Visualization Engineer
170,"Engineer, Data And Analytics"
171,Data Engineer Intern
172,Aws Big Data Engineer
173,Aws Data Engineer
